first_name,last_name,email,email_quality,firm_name,website
Ruth Mary,Aberdein,raberdein@acandco.com,verified,Aberdein Considine LLP,https://acandco.com
Helen Cecilia,Abrams,helen.abrams@brodies.com,verified,Brodies LLP,http://www.brodies.com
Robert Douglas,Aberdein,rob@simpsonmarwick.com,verified,Simpson & Marwick Legal Limited,http://www.simpsonmarwick.com
Rebecca Fiona,Ablett,rebecca.ablett@burnesspaull.com,verified,Burness Paull LLP,http://www.burnesspaull.com
Pria,Achall,pria.achall@kennedyslaw.com,verified,Kennedys Scotland LLP,http://www.kennedyslaw.com
Christina Balmain,Abbott,christina.abbott@andersonstrathern.co.uk,verified,Anderson Strathern LLP,http://www.andersonstrathern.co.uk
Philippa Rose,Abernethy,philippaabernethy@lindsays.co.uk,verified,Lindsays LLP,http://www.lindsays.co.uk
Maryam,Abdel-Razik,maryam.abdel-razik@addleshawgoddard.com,verified,Addleshaw Goddard LLP,https://addleshawgoddard.com
